{
  "endorsement": "endorsement.png",

  "credits": "credits.png",

  "truck": {
    "0": "truck_frame_0.png",
    "1": "truck_frame_1.png"
  },

  "console": {
    "console": "console.png",
    "cartridge": "cartridge.png",
    "tv": "tv_on_table.png",
    "lamp": "lamp_on_table.png"
  },

  "obstacle": {
    "none": "ground.png",
    "barrier": "endorsement.png",
    "silly": "silly.png"
  },

  "death": {
    "truck": "game_over.png",
    "game_over": "game_over_txt.png",
    "glass": "glass_break.png"
  },

  "controls": {
    "jump": "space_to_jump.png",
    "tilt": "cartridge_controls.png"
  },

  "any_key": "instructions.png",
  "bg": "bg.png"
}